{"cameraMode":{"drawMode":0,"name":"Shaded","section":"Shading Mode"},"sceneLighting":true,"audioPlay":false,"sceneViewState":{"m_AlwaysRefresh":true,"showFog":true,"showSkybox":true,"showFlares":true,"showImageEffects":true,"showParticleSystems":true,"showVisualEffectGraphs":true,"m_FxEnabled":true},"in2DMode":false,"pivot":{"x":0.1842385232448578,"y":1.9198291301727296,"z":-0.4630737900733948},"rotation":{"x":-0.21370835602283479,"y":-0.02291398122906685,"z":0.004910495597869158,"w":-0.9766945242881775},"size":3.3073947429656984,"orthographic":false}